{"cameraMode":{"drawMode":0,"name":"Shaded","section":"Shading Mode"},"sceneLighting":false,"audioPlay":false,"sceneViewState":{"showFog":true,"showMaterialUpdate":false,"showSkybox":false,"showFlares":true,"showImageEffects":true,"showParticleSystems":true},"in2DMode":false,"pivot":{"x":1.1852092742919922,"y":-0.9689092636108398,"z":-2.9926817417144777},"rotation":{"x":-0.2908038794994354,"y":-0.529086172580719,"z":0.19934117794036866,"w":-0.771869421005249},"size":2.1464102268218996,"orthographic":false}