{"cameraMode":{"drawMode":0,"name":"Shaded","section":"Shading Mode"},"sceneLighting":false,"audioPlay":false,"sceneViewState":{"showFog":true,"showMaterialUpdate":false,"showSkybox":false,"showFlares":true,"showImageEffects":true,"showParticleSystems":true},"in2DMode":false,"pivot":{"x":0.604217529296875,"y":-3.1724743843078615,"z":-1.2295703887939454},"rotation":{"x":-0.062036577612161639,"y":-0.937842071056366,"z":0.24929508566856385,"w":-0.23337984085083009},"size":7.034993648529053,"orthographic":false}