{"cameraMode":{"drawMode":0,"name":"Shaded","section":"Shading Mode"},"sceneLighting":false,"audioPlay":false,"sceneViewState":{"showFog":true,"showMaterialUpdate":false,"showSkybox":false,"showFlares":true,"showImageEffects":true,"showParticleSystems":true},"in2DMode":false,"pivot":{"x":-0.26355409622192385,"y":0.0,"z":260.75811767578127},"rotation":{"x":-0.19275745749473573,"y":-0.30560946464538576,"z":0.06332303583621979,"w":-0.9302927851676941},"size":10.008587837219239,"orthographic":false}