{"cameraMode":{"drawMode":0,"name":"Shaded","section":"Shading Mode"},"sceneLighting":false,"audioPlay":false,"sceneViewState":{"showFog":true,"showMaterialUpdate":false,"showSkybox":false,"showFlares":true,"showImageEffects":true,"showParticleSystems":true},"in2DMode":false,"pivot":{"x":1.0142440795898438,"y":-2.4536361694335939,"z":1.459787368774414},"rotation":{"x":-0.21073314547538758,"y":-0.7571632266044617,"z":0.2930748462677002,"w":-0.5444347858428955},"size":8.894510269165039,"orthographic":false}