{"cameraMode":{"drawMode":0,"name":"Shaded","section":"Shading Mode"},"sceneLighting":false,"audioPlay":false,"sceneViewState":{"showFog":true,"showMaterialUpdate":false,"showSkybox":false,"showFlares":true,"showImageEffects":true,"showParticleSystems":true},"in2DMode":false,"pivot":{"x":8.24736213684082,"y":-6.696723937988281,"z":-13.468097686767579},"rotation":{"x":-0.09324885904788971,"y":-0.9067216515541077,"z":0.28676262497901919,"w":-0.29484686255455019},"size":17.009435653686525,"orthographic":false}