{"cameraMode":{"drawMode":0,"name":"Shaded","section":"Shading Mode"},"sceneLighting":false,"audioPlay":false,"sceneViewState":{"showFog":true,"showMaterialUpdate":false,"showSkybox":false,"showFlares":true,"showImageEffects":true,"showParticleSystems":true},"in2DMode":false,"pivot":{"x":-25.93000030517578,"y":-0.0000286102294921875,"z":-3.0812883377075197},"rotation":{"x":-0.34198591113090517,"y":-0.5333910584449768,"z":0.24903546273708344,"w":-0.7324796915054321},"size":24.47418785095215,"orthographic":false}