{"cameraMode":{"drawMode":0,"name":"Shaded","section":"Shading Mode"},"sceneLighting":false,"audioPlay":false,"sceneViewState":{"showFog":true,"showMaterialUpdate":false,"showSkybox":false,"showFlares":true,"showImageEffects":true,"showParticleSystems":true},"in2DMode":false,"pivot":{"x":20.446720123291017,"y":-20.112659454345704,"z":1.345036506652832},"rotation":{"x":-0.2670500576496124,"y":-0.6890000700950623,"z":0.306706041097641,"w":-0.5999177694320679},"size":13.644206047058106,"orthographic":false}