{"cameraMode":{"drawMode":0,"name":"Shaded","section":"Shading Mode"},"sceneLighting":false,"audioPlay":false,"sceneViewState":{"showFog":true,"showMaterialUpdate":false,"showSkybox":false,"showFlares":true,"showImageEffects":true,"showParticleSystems":true},"in2DMode":false,"pivot":{"x":46.54202651977539,"y":-9.38541030883789,"z":-14.038909912109375},"rotation":{"x":0.19388173520565034,"y":0.13862697780132295,"z":-0.02790708839893341,"w":0.9707798361778259},"size":36.40826416015625,"orthographic":false}